FirstName,LastName
"Clemmie","Jikylls"
"Trudey","Roote"
"Derril","Batey"
"Cass","Ong"
"Tymon","McLeish"
"Vanna","Pound"
"Anatole","Andrei"
"Florida","Ruslin"
"Junia","Wasiel"
"Margy","Swinfon"
"Lexis","Leethem"
"Elyse","Anetts"
"Flossy","Sinnett"
"Devin","Mellings"
"Erv","Andrysek"
"Artemas","Blaskett"
"Ynes","McCurt"
"Perice","Bezley"
"Meridel","Fraczek"
"Jethro","Ebden"
"Eleni","Siviter"
"Raffaello","Ordish"
"Phineas","Kynett"
"Kermit","Charlick"
"Tony","Allcott"
"Astra","Gontier"
"Giralda","Lossman"
"Lynelle","Bonar"
"Rosanna","Standen"
"Verne","Ladd"
"Del","Venturoli"
"Dahlia","Woodgate"
"Danya","Zuan"
"Care","Spencers"
"Ly","Di Franceshci"
"Pepe","Claughton"
"Margeaux","Barlass"
"Minne","Broz"
"Arlin","Rops"
"Kathi","Ellerbeck"
"Shellysheldon","Cowoppe"
"Derby","Willoughby"
"Lemuel","Filon"
"Fidelio","Brimham"
"Adham","Baddeley"
"Rebeka","Sweetsur"
"Aleksandr","Redwin"
"Vito","Pavey"
"Thekla","Gaffer"
"Minnie","Cristea"
"Florrie","Nussii"
"Rois","Filppetti"
"Charil","Puckham"
"Olivie","Silburn"
"Amble","Corain"
"Lanette","Stump"
"Shae","Groucock"
"Bartolemo","Longworth"
"Morten","Swepson"
"Christine","Van den Velde"
"Hunt","Nutty"
"Sofie","Pascow"
"Katy","Jenkinson"
"Boniface","McCleary"
"Shepard","Ubanks"
"Shaw","Babber"
"Siouxie","Barber"
"Eamon","Liverock"
"Marsiella","Yuranovev"
"Kinnie","Bruckman"
"Culver","Turnell"
"Elwood","Crannage"
"Coral","Maruszewski"
"Phebe","Thal"
"Joey","Januszewicz"
"Dana","Sinnatt"
"Norine","Fahey"
"Pen","Rawcliff"
"Paloma","Rickford"
"Gillie","Candwell"
"Kipp","Botwood"
"Carroll","Skocroft"
"Ruthi","Kirkebye"
"Gennie","Monte"
"Brandtr","Offener"
"Worth","De la Eglise"
"Jule","Puvia"
"Gertruda","Arnet"
"Ceciley","State"
"Alisun","Stennine"
"Morie","Kesby"
"Mathilda","Callicott"
"Maddie","Gaines"
"Silva","Guittet"
"Lowell","Fairlie"
"Hugo","Watkiss"
"Kalli","Keddle"
"Darci","Newgrosh"
"Andie","Iwanicki"
"Nanice","Zammitt"
"Janeen","Bothram"
"Easter","Churchlow"
"Koo","Duddan"
"Cory","Petigrew"
"Dalila","Hannigane"
"Iain","Brigstock"
"Ivan","Stebbings"
"Darn","Holston"
"Meris","Langrick"
"Chuck","Gore"
"Tanny","Shrimptone"
"Karin","Coppo"
"Carling","Ure"
"Teddie","Bussel"
"Alanna","Withrop"
"Cybil","Vallens"
"Brinna","Hardy"
"Amery","Litterick"
"Chicky","Gatchell"
"Valle","Barnham"
"Lucky","Cahalin"
"Preston","Dounbare"
"Shawn","Tabord"
"Ruddy","Rookeby"
"Genni","Kittel"
"Janetta","Dellenbach"
"Karen","Klimkov"
"Shanon","Howood"
"Alonzo","Helling"
"Dorita","Labba"
"Stephenie","Remon"
"Birgitta","Caulwell"
"Lauritz","Sinnocke"
"Dal","Guisot"
"Nap","Jantzen"
"Roberto","Rupprecht"
"Sergeant","Whimpenny"
"Dunstan","Cankett"
"Hersch","Litton"
"Fredek","Vannuchi"
"Sebastiano","Collopy"
"Sky","Ryam"
"Tedie","Feehery"
"Gratia","Cush"
"Fidelity","Oleksiak"
"Emmi","Meah"
"Dom","Drissell"
"Kordula","Keigher"
"Nonna","Blakelock"
"Alessandra","Noddings"
"Royall","Ekless"
"Reid","L' Anglois"
"Abelard","Bertomier"
"Lyn","Burgum"
"Erika","Sydes"
"Johnath","McCory"
"Burtie","Moylan"
"Annadiane","Palle"
"Gisele","Duinkerk"
"Debee","Riccio"
"Nola","Ghidotti"
"Leonidas","Learmont"
"Theda","Reyes"
"Geneva","Goldthorp"
"Hagen","Fontanet"
"Riobard","Kase"
"Gerrard","Basilio"
"Manfred","Anthon"
"Oralla","Trase"
"Dacie","Swallwell"
"Malvina","Bavage"
"Andros","Pointin"
"Meredith","Easter"
"Hurleigh","Billham"
"Rianon","Tollady"
"Melisse","Le Franc"
"Thelma","Yurenev"
"Terrye","Custed"
"Peder","Easdon"
"Sharyl","Arnholtz"
"Valaree","Winchurst"
"Adelaide","Gepson"
"Shayne","McKniely"
"Bethena","Brixey"
"Emmye","Belloch"
"Asia","Brandacci"
"Rafaello","Tingley"
"Maxy","Chislett"
"Bobbe","Domesday"
"Berke","Stidever"
"Louisette","Djokovic"
"Kesley","Klezmski"
"Sanson","Marrow"
"Stephani","Woodroffe"
"Kaye","Jepp"
"Jarib","Ancliff"
"Melisande","Molines"
"Gerome","Millhouse"
"Sarajane","Banister"
"Brion","Legat"
"Gaelan","Rushworth"
"Pavel","Alwell"
"Rich","Kliement"
"Drusi","Tredgold"
"Clarette","Bathurst"
"Arnie","Liddard"
"Carleen","Yuryatin"
"Lazare","Dressel"
"Horatius","Sultan"
"Alair","Rennels"
"Farris","Domingues"
"Rhonda","Jancey"
"Hubert","Imm"
"Coleen","Geroldini"
"Radcliffe","Meneely"
"Valdemar","Ronayne"
"Devinne","Woltering"
"Rafi","Gartshore"
"Clarie","Boult"
"Isahella","Haps"
"Granger","Rothchild"
"Jennilee","Cockayne"
"Dukie","Jerger"
"Rosina","Hencke"
"Frasquito","Concklin"
"Lanita","Constantine"
"Flory","McAlinion"
"Rhianna","Stoppard"
"Stephani","Predohl"
"Lauri","Jurgensen"
"Averell","Mulberry"
"Caryn","Doggett"
"Mickey","Bierling"
"Cooper","Clue"
"Panchito","Tricker"
"Crissy","Stickland"
"Bartolomeo","Cuttings"
"Jamison","Leydon"
"Miles","Ogers"
"Sholom","Mebes"
"Sophie","Bartod"
"Woodie","Kinset"
"Lewiss","Higbin"
"Guillermo","Faichnie"
"Pall","Macer"
"Eve","Caunter"
"Nelia","Risely"
"Emmy","Scurry"
"Pascal","Seden"
"Donetta","Gorling"
